Issuer Company,Open Date,Close Date,Listing Date,Issue Price (Rs),Issue Size (Rs Cr.),Lot Size,Exchange,Compare,Updated Symbol,Formatted Symbol
Aadhar Housing Finance Limited,"May 08, 2024","May 10, 2024","May 15, 2024",315,"3,000.00",47,"BSE, NSE",,AADHARHFC,AADHARHFC.NS
Allied Blenders and Distillers Limited,"Jun 25, 2024","Jun 27, 2024","Jul 02, 2024",281,"1,500.00",53,"BSE, NSE",,ABDL,ABDL.NS
Aditya Birla Sun Life AMC Limited,"Sep 29, 2021","Oct 01, 2021","Oct 11, 2021",712,"2,768.26",20,"BSE, NSE",,ABSLAMC,ABSLAMC.NS
Archean Chemical Industries Limited,"Nov 09, 2022","Nov 11, 2022","Nov 21, 2022",407,"1,462.31",36,"BSE, NSE",,ACI,ACI.NS
Aeroflex Industries Limited,"Aug 22, 2023","Aug 24, 2023","Aug 31, 2023",108,351.00,130,"BSE, NSE",,AEROFLEX,AEROFLEX.NS
Aether Industries Limited,"May 24, 2022","May 26, 2022","Jun 03, 2022",642,808.04,23,"BSE, NSE",,AETHER,AETHER.NS
Afcons Infrastructure Limited,"Oct 25, 2024","Oct 29, 2024","Nov 04, 2024",463,"5,430.00",32,"BSE, NSE",,AFCONS,AFCONS.NS
Affle (India) Limited,"Jul 29, 2019","Jul 31, 2019","Aug 08, 2019",745,459.00,20,"BSE, NSE",,AFFLE,AFFLE.NS
AGS Transact Technologies Limited,"Jan 19, 2022","Jan 21, 2022","Jan 31, 2022",175,680.00,85,"BSE, NSE",,AGSTRA,AGSTRA.NS
Abans Holdings Limited,"Dec 12, 2022","Dec 15, 2022","Dec 23, 2022",270,345.60,55,"BSE, NSE",,AHL,AHL.NS
Akums Drugs and Pharmaceuticals Limited,"Jul 30, 2024","Aug 01, 2024","Aug 06, 2024",679,"1,856.74",22,"BSE, NSE",,AKUMS,AKUMS.NS
Ami Organics Limited,"Sep 01, 2021","Sep 03, 2021","Sep 14, 2021",610,569.64,24,"BSE, NSE",,AMIORG,AMIORG.NS
Anand Rathi Wealth Limited,"Dec 02, 2021","Dec 06, 2021","Dec 14, 2021",550,660.00,27,"BSE, NSE",,ANANDRATHI,ANANDRATHI.NS
Angel One Limited,"Sep 22, 2020","Sep 24, 2020","Oct 05, 2020",306,600.00,49,"BSE, NSE",,ANGELONE,ANGELONE.NS
Anupam Rasayan India Limited,"Mar 12, 2021","Mar 16, 2021","Mar 24, 2021",555,760.00,27,"BSE, NSE",,ANURAS,ANURAS.NS
Aptus Value Housing Finance India Limited,"Aug 10, 2021","Aug 12, 2021","Aug 24, 2021",353,"2,780.05",42,"BSE, NSE",,APTUS,APTUS.NS
Arkade Developers Limited,"Sep 16, 2024","Sep 19, 2024","Sep 24, 2024",128,410.00,110,"BSE, NSE",,ARKADE,ARKADE.NS
ASK Automotive Limited,"Nov 07, 2023","Nov 09, 2023","Nov 15, 2023",282,834.00,53,"BSE, NSE",,ASKAUTOLTD,ASKAUTOLTD.NS
Avalon Technologies Limited,"Apr 03, 2023","Apr 06, 2023","Apr 18, 2023",436,865.00,34,"BSE, NSE",,AVALON,AVALON.NS
Awfis Space Solutions Limited,"May 22, 2024","May 27, 2024","May 30, 2024",383,598.93,39,"BSE, NSE",,AWFIS,AWFIS.NS
Antony Waste Handling Cell Limited,"Dec 21, 2020","Dec 23, 2020","Jan 01, 2021",315,300.00,47,"BSE, NSE",,AWHCL,AWHCL.NS
Antony Waste Handling Cell Limited,"Mar 04, 2020","Mar 16, 2020","Mar 17, 2020",294.00 to 300.00,206.00,50,"BSE, NSE",,AWHCL,AWHCL.NS
Adani Wilmar Limited,"Jan 27, 2022","Jan 31, 2022","Feb 08, 2022",230,"3,600.00",65,"BSE, NSE",,AWL,AWL.NS
Azad Engineering Limited,"Dec 20, 2023","Dec 22, 2023","Dec 28, 2023",524,740.00,28,"BSE, NSE",,AZAD,AZAD.NS
Bajaj Housing Finance Limited,"Sep 09, 2024","Sep 11, 2024","Sep 16, 2024",70,"6,560.00",214,"BSE, NSE",,BAJAJHFL,BAJAJHFL.NS
Shree Tirupati Balajee Agro Trading Company Limited,"Sep 05, 2024","Sep 09, 2024","Sep 12, 2024",83,169.65,180,"BSE, NSE",,BALAJEE,BALAJEE.NS
Bansal Wire Industries Limited,"Jul 03, 2024","Jul 05, 2024","Jul 10, 2024",256,745.00,58,"BSE, NSE",,BANSALWIRE,BANSALWIRE.NS
Barbeque Nation Hospitality Limited,"Mar 24, 2021","Mar 26, 2021","Apr 07, 2021",500,452.87,30,"BSE, NSE",,BARBEQUE,BARBEQUE.NS
Mrs. Bectors Food Specialities Limited,"Dec 15, 2020","Dec 17, 2020","Dec 24, 2020",288,540.54,50,"BSE, NSE",,BECTORFOOD,BECTORFOOD.NS
Bharti Hexacom Limited,"Apr 03, 2024","Apr 05, 2024","Apr 12, 2024",570,"4,275.00",26,"BSE, NSE",,BHARTIHEXA,BHARTIHEXA.NS
Bikaji Foods International Limited,"Nov 03, 2022","Nov 07, 2022","Nov 16, 2022",300,881.22,50,"BSE, NSE",,BIKAJI,BIKAJI.NS
BLS E-Services Limited,"Jan 30, 2024","Feb 01, 2024","Feb 06, 2024",135,310.91,108,"BSE, NSE",,BLSE,BLSE.NS
Blue Jet Healthcare Limited,"Oct 25, 2023","Oct 27, 2023","Nov 01, 2023",346,840.27,43,"BSE, NSE",,BLUEJET,BLUEJET.NS
Campus Activewear Limited,"Apr 26, 2022","Apr 28, 2022","May 09, 2022",292,"1,400.14",51,"BSE, NSE",,CAMPUS,CAMPUS.NS
Computer Age Management Services Limited,"Sep 21, 2020","Sep 23, 2020","Oct 01, 2020","1,230","2,244.33",12,BSE,,CAMS,CAMS.NS
Capital Small Finance Bank Limited,"Feb 07, 2024","Feb 09, 2024","Feb 14, 2024",468,523.07,32,"BSE, NSE",,CAPITALSFB,CAPITALSFB.NS
Ceigall India Limited,"Aug 01, 2024","Aug 05, 2024","Aug 08, 2024",401,"1,252.66",37,"BSE, NSE",,CEIGALL,CEIGALL.NS
Cello World Limited,"Oct 30, 2023","Nov 01, 2023","Nov 06, 2023",648,"1,900.00",23,"BSE, NSE",,CELLO,CELLO.NS
Chalet Hotels Limited,"Jan 29, 2019","Jan 31, 2019","Feb 07, 2019",280,"1,641.18",53,"BSE, NSE",,CHALET,CHALET.NS
Chemcon Speciality Chemicals Limited,"Sep 21, 2020","Sep 23, 2020","Oct 01, 2020",340,318.00,44,"BSE, NSE",,CHEMCON,CHEMCON.NS
Chemplast Sanmar Limited,"Aug 10, 2021","Aug 12, 2021","Aug 24, 2021",541,"3,850.00",27,"BSE, NSE",,CHEMPLASTS,CHEMPLASTS.NS
Clean Science and Technology Limited,"Jul 07, 2021","Jul 09, 2021","Jul 19, 2021",900,"1,546.62",16,"BSE, NSE",,CLEAN,CLEAN.NS
CMS Info Systems Limited,"Dec 21, 2021","Dec 23, 2021","Dec 31, 2021",216,"1,100.00",69,"BSE, NSE",,CMSINFO,CMSINFO.NS
Concord Biotech Limited,"Aug 04, 2023","Aug 08, 2023","Aug 18, 2023",741,"1,551.00",20,"BSE, NSE",,CONCORDBIO,CONCORDBIO.NS
Craftsman Automation Limited,"Mar 15, 2021","Mar 17, 2021","Mar 25, 2021","1,490",823.70,10,"BSE, NSE",,CRAFTSMAN,CRAFTSMAN.NS
CSB Bank Limited,"Nov 22, 2019","Nov 26, 2019","Dec 04, 2019",195,409.68,75,"BSE, NSE",,CSBBANK,CSBBANK.NS
Cyient DLM Limited,"Jun 27, 2023","Jun 30, 2023","Jul 10, 2023",265,592.00,56,"BSE, NSE",,CYIENTDLM,CYIENTDLM.NS
Data Patterns (India) Limited,"Dec 14, 2021","Dec 16, 2021","Dec 24, 2021",585,588.22,25,"BSE, NSE",,DATAPATTNS,DATAPATTNS.NS
Deepak Builders & Engineers India Limited,"Oct 21, 2024","Oct 23, 2024","Oct 28, 2024",203,260.04,73,"BSE, NSE",,DBEIL,DBEIL.NS
DCX Systems Limited,"Oct 31, 2022","Nov 02, 2022","Nov 11, 2022",207,500.00,72,"BSE, NSE",,DCXINDIA,DCXINDIA.NS
DEE Development Engineers Limited,"Jun 19, 2024","Jun 21, 2024","Jun 26, 2024",203,418.01,73,"BSE, NSE",,DEEDEV,DEEDEV.NS
Delhivery Limited,"May 11, 2022","May 13, 2022","May 24, 2022",487,"5,235.00",30,"BSE, NSE",,DELHIVERY,DELHIVERY.NS
Devyani International Limited,"Aug 04, 2021","Aug 06, 2021","Aug 16, 2021",90,"1,838.00",165,"BSE, NSE",,DEVYANI,DEVYANI.NS
Dharmaj Crop Guard Limited,"Nov 28, 2022","Nov 30, 2022","Dec 08, 2022",237,251.15,60,"BSE, NSE",,DHARMAJ,DHARMAJ.NS
Diffusion Engineers Limited,"Sep 26, 2024","Sep 30, 2024","Oct 04, 2024",168,158.00,88,"BSE, NSE",,DIFFNKG,DIFFNKG.NS
Dodla Dairy Limited,"Jun 16, 2021","Jun 18, 2021","Jun 28, 2021",428,520.18,35,"BSE, NSE",,DODLA,DODLA.NS
DOMS Industries Limited,"Dec 13, 2023","Dec 15, 2023","Dec 20, 2023",790,"1,200.00",18,"BSE, NSE",,DOMS,DOMS.NS
Dreamfolks Services Limited,"Aug 24, 2022","Aug 26, 2022","Sep 06, 2022",326,562.10,46,"BSE, NSE",,DREAMFOLKS,DREAMFOLKS.NS
Easy Trip Planners Limited,"Mar 08, 2021","Mar 10, 2021","Mar 19, 2021",187,510.00,80,"BSE, NSE",,EASEMYTRIP,EASEMYTRIP.NS
Enviro Infra Engineers Limited,"Nov 22, 2024","Nov 26, 2024","Nov 29, 2024",148,650.43,101,"BSE, NSE",,EIEL,EIEL.NS
Elin Electronics Limited,"Dec 20, 2022","Dec 22, 2022","Dec 30, 2022",247,475.00,60,"BSE, NSE",,ELIN,ELIN.NS
Emcure Pharmaceuticals Limited,"Jul 03, 2024","Jul 05, 2024","Jul 10, 2024","1,008","1,952.03",14,"BSE, NSE",,EMCURE,EMCURE.NS
Electronics Mart India Limited,"Oct 04, 2022","Oct 07, 2022","Oct 17, 2022",59,500.00,254,"BSE, NSE",,EMIL,EMIL.NS
EMS Limited,"Sep 08, 2023","Sep 12, 2023","Sep 21, 2023",211,321.24,70,"BSE, NSE",,EMSLIMITED,EMSLIMITED.NS
eMudhra Limited,"May 20, 2022","May 24, 2022","Jun 01, 2022",256,412.79,58,"BSE, NSE",,EMUDHRA,EMUDHRA.NS
Entero Healthcare Solutions Limited,"Feb 09, 2024","Feb 13, 2024","Feb 16, 2024","1,258","1,600.00",11,"BSE, NSE",,ENTERO,ENTERO.NS
EPACK Durable Limited,"Jan 19, 2024","Jan 24, 2024","Jan 30, 2024",230,640.05,65,"BSE, NSE",,EPACK,EPACK.NS
Equitas Small Finance Bank Limited,"Oct 20, 2020","Oct 22, 2020","Nov 02, 2020",33,517.60,450,"BSE, NSE",,EQUITASBNK,EQUITASBNK.NS
ESAF Small Finance Bank Limited,"Nov 03, 2023","Nov 07, 2023","Nov 10, 2023",60,463.00,250,"BSE, NSE",,ESAFSFB,ESAFSFB.NS
Ethos Limited,"May 18, 2022","May 20, 2022","May 30, 2022",878,472.29,17,"BSE, NSE",,ETHOSLTD,ETHOSLTD.NS
Exicom Tele-Systems Limited,"Feb 27, 2024","Feb 29, 2024","Mar 05, 2024",142,429.00,100,"BSE, NSE",,EXICOM,EXICOM.NS
Exxaro Tiles Limited,"Aug 04, 2021","Aug 06, 2021","Aug 16, 2021",120,161.09,125,"BSE, NSE",,EXXARO,EXXARO.NS
Fedbank Financial Services Limited,"Nov 22, 2023","Nov 24, 2023","Nov 30, 2023",140,"1,092.26",107,"BSE, NSE",,FEDFINA,FEDFINA.NS
Fino Payments Bank Limited,"Oct 29, 2021","Nov 02, 2021","Nov 12, 2021",577,"1,200.29",25,"BSE, NSE",,FINOPB,FINOPB.NS
Brainbees Solutions Limited,"Aug 06, 2024","Aug 08, 2024","Aug 13, 2024",465,"4,193.73",32,"BSE, NSE",,FIRSTCRY,FIRSTCRY.NS
Flair Writing Industries Limited,"Nov 22, 2023","Nov 24, 2023","Dec 01, 2023",304,593.00,49,"BSE, NSE",,FLAIR,FLAIR.NS
Gala Precision Engineering Limited,"Sep 02, 2024","Sep 04, 2024","Sep 09, 2024",529,167.93,28,"BSE, NSE",,GALAPREC,GALAPREC.NS
Gandhar Oil Refinery (India) Limited,"Nov 22, 2023","Nov 24, 2023","Nov 30, 2023",169,500.69,88,"BSE, NSE",,GANDHAR,GANDHAR.NS
Garuda Construction and Engineering Limited,"Oct 08, 2024","Oct 10, 2024","Oct 15, 2024",95,264.10,157,"BSE, NSE",,GARUDA,GARUDA.NS
Gland Pharma Limited,"Nov 09, 2020","Nov 11, 2020","Nov 20, 2020","1,500","6,479.55",10,"BSE, NSE",,GLAND,GLAND.NS
Glenmark Life Sciences Limited,"Jul 27, 2021","Jul 29, 2021","Aug 06, 2021",720,"1,513.60",20,"BSE, NSE",,GLS,GLS.NS
Go Fashion (India) Limited,"Nov 17, 2021","Nov 22, 2021","Nov 30, 2021",690,"1,013.61",21,"BSE, NSE",,GOCOLORS,GOCOLORS.NS
Godavari Biorefineries Limited,"Oct 23, 2024","Oct 25, 2024","Oct 30, 2024",352,554.75,42,"BSE, NSE",,GODAVARIB,GODAVARIB.NS
Go Digit General Insurance Limited,"May 15, 2024","May 17, 2024","May 23, 2024",272,"2,614.65",55,"BSE, NSE",,GODIGIT,GODIGIT.NS
Gopal Snacks Limited,"Mar 06, 2024","Mar 11, 2024","Mar 14, 2024",401,650.00,37,"BSE, NSE",,GOPAL,GOPAL.NS
GPT Healthcare Limited,"Feb 22, 2024","Feb 26, 2024","Feb 29, 2024",186,525.14,80,"BSE, NSE",,GPTHEALTH,GPTHEALTH.NS
G R Infraprojects Limited,"Jul 07, 2021","Jul 09, 2021","Jul 19, 2021",837,963.28,17,"BSE, NSE",,GRINFRA,GRINFRA.NS
Global Surfaces Limited,"Mar 13, 2023","Mar 15, 2023","Mar 23, 2023",140,154.98,100,"BSE, NSE",,GSLSU,GSLSU.NS
Happiest Minds Technologies Limited,"Sep 07, 2020","Sep 09, 2020","Sep 17, 2020",166,702.02,90,"BSE, NSE",,HAPPSTMNDS,HAPPSTMNDS.NS
Happy Forgings Limited,"Dec 19, 2023","Dec 21, 2023","Dec 27, 2023",850,"1,008.59",17,"BSE, NSE",,HAPPYFORGE,HAPPYFORGE.NS
Hariom Pipe Industries Limited,"Mar 30, 2022","Apr 05, 2022","Apr 13, 2022",153,130.05,98,"BSE, NSE",,HARIOMPIPE,HARIOMPIPE.NS
Harsha Engineers International Limited,"Sep 14, 2022","Sep 16, 2022","Sep 26, 2022",330,755.00,45,"BSE, NSE",,HARSHA,HARSHA.NS
Heranba Industries Limited,"Feb 23, 2021","Feb 25, 2021","Mar 05, 2021",627,625.24,23,"BSE, NSE",,HERANBA,HERANBA.NS
HMA Agro Industries Limited,"Jun 20, 2023","Jun 23, 2023","Jul 04, 2023",585,480.00,25,"BSE, NSE",,HMAAGRO,HMAAGRO.NS
Honasa Consumer Limited,"Oct 31, 2023","Nov 02, 2023","Nov 07, 2023",324,"1,701.44",46,"BSE, NSE",,HONASA,HONASA.NS
HP Adhesives Limited,"Dec 15, 2021","Dec 17, 2021","Dec 27, 2021",274,125.96,50,"BSE, NSE",,HPAL,HPAL.NS
Hyundai Motor India Limited,"Oct 15, 2024","Oct 17, 2024","Oct 22, 2024","1,960","27,870.16",7,"BSE, NSE",,HYUNDAI,HYUNDAI.NS
International Gemmological Institute (India) Limited,"Dec 13, 2024","Dec 17, 2024","Dec 20, 2024",397.00 to 417.00,"4,225.00",35,"BSE, NSE",,IGIL,IGIL.NS
IKIO Lighting Limited,"Jun 06, 2023","Jun 08, 2023","Jun 16, 2023",285,606.50,52,"BSE, NSE",,IKIO,IKIO.NS
Inventurus Knowledge Solutions Limited,"Dec 12, 2024","Dec 16, 2024","Dec 19, 2024","1,329","2,497.92",11,"BSE, NSE",,IKS,IKS.NS
Indegene Limited,"May 06, 2024","May 08, 2024","May 13, 2024",452,"1,841.76",33,"BSE, NSE",,INDGN,INDGN.NS
India Shelter Finance Corporation Limited,"Dec 13, 2023","Dec 15, 2023","Dec 20, 2023",493,"1,200.00",30,"BSE, NSE",,INDIASHLTR,INDIASHLTR.NS
Indigo Paints Limited,"Jan 20, 2021","Jan 22, 2021","Feb 02, 2021","1,490","1,176.00",10,"BSE, NSE",,INDIGOPNTS,INDIGOPNTS.NS
Innova Captab Limited,"Dec 21, 2023","Dec 26, 2023","Dec 29, 2023",448,570.00,33,"BSE, NSE",,INNOVACAP,INNOVACAP.NS
Inox Green Energy Services Limited,"Nov 11, 2022","Nov 15, 2022","Nov 23, 2022",65,740.00,230,"BSE, NSE",,INOXGREEN,INOXGREEN.NS
Interarch Building Products Limited,"Aug 19, 2024","Aug 21, 2024","Aug 26, 2024",900,600.29,16,"BSE, NSE",,INTERARCH,INTERARCH.NS
India Pesticides Limited,"Jun 23, 2021","Jun 25, 2021","Jul 05, 2021",296,800.00,50,"BSE, NSE",,IPL,IPL.NS
Indian Renewable Energy Development Agency Limited,"Nov 21, 2023","Nov 23, 2023","Nov 29, 2023",32,"2,150.21",460,"BSE, NSE",,IREDA,IREDA.NS
Indian Railway Finance Corporation Limited,"Jan 18, 2021","Jan 20, 2021","Jan 29, 2021",26,"4,633.38",575,"BSE, NSE",,IRFC,IRFC.NS
IRM Energy Limited,"Oct 18, 2023","Oct 20, 2023","Oct 26, 2023",505,545.40,29,"BSE, NSE",,IRMENERGY,IRMENERGY.NS
Le Travenues Technology Limited,"Jun 10, 2024","Jun 12, 2024","Jun 18, 2024",93,740.10,161,"BSE, NSE",,IXIGO,IXIGO.NS
Jupiter Life Line Hospitals Limited,"Sep 06, 2023","Sep 08, 2023","Sep 18, 2023",735,869.08,20,"BSE, NSE",,JLHL,JLHL.NS
JNK India Limited,"Apr 23, 2024","Apr 25, 2024","Apr 30, 2024",415,649.47,36,"BSE, NSE",,JNKINDIA,JNKINDIA.NS
Jana Small Finance Bank Limited,"Feb 07, 2024","Feb 09, 2024","Feb 14, 2024",414,570.00,36,"BSE, NSE",,JSFB,JSFB.NS
JSW Infrastructure Limited,"Sep 25, 2023","Sep 27, 2023","Oct 03, 2023",119,"2,800.00",126,"BSE, NSE",,JSWINFRA,JSWINFRA.NS
Juniper Hotels Limited,"Feb 21, 2024","Feb 23, 2024","Feb 28, 2024",360,"1,800.00",40,"BSE, NSE",,JUNIPER,JUNIPER.NS
Jyoti CNC Automation Limited,"Jan 09, 2024","Jan 11, 2024","Jan 16, 2024",331,"1,000.00",45,"BSE, NSE",,JYOTICNC,JYOTICNC.NS
Sai Silks (Kalamandir) Limited,"Sep 20, 2023","Sep 22, 2023","Sep 27, 2023",222,"1,201.00",67,"BSE, NSE",,KALAMANDIR,KALAMANDIR.NS
Kalyan Jewellers India Limited,"Mar 16, 2021","Mar 18, 2021","Mar 26, 2021",87,"1,175.00",172,"BSE, NSE",,KALYANKJIL,KALYANKJIL.NS
Kaynes Technology India Limited,"Nov 10, 2022","Nov 14, 2022","Nov 22, 2022",587,857.82,25,"BSE, NSE",,KAYNES,KAYNES.NS
Krishna Institute of Medical Sciences Limited,"Jun 16, 2021","Jun 18, 2021","Jun 28, 2021",825,"2,143.74",18,"BSE, NSE",,KIMS,KIMS.NS
KRN Heat Exchanger and Refrigeration Limited,"Sep 25, 2024","Sep 27, 2024","Oct 03, 2024",220,341.95,65,"BSE, NSE",,KRN,KRN.NS
Kronox Lab Sciences Limited,"Jun 03, 2024","Jun 05, 2024","Jun 10, 2024",136,130.15,110,"BSE, NSE",,KRONOX,KRONOX.NS
Kross Limited,"Sep 09, 2024","Sep 11, 2024","Sep 16, 2024",240,500.00,62,"BSE, NSE",,KROSS,KROSS.NS
Krsnaa Diagnostics Limited,"Aug 04, 2021","Aug 06, 2021","Aug 16, 2021",954,"1,213.33",15,"BSE, NSE",,KRSNAA,KRSNAA.NS
Krystal Integrated Services Limited,"Mar 14, 2024","Mar 18, 2024","Mar 21, 2024",715,300.13,20,"BSE, NSE",,KRYSTAL,KRYSTAL.NS
Landmark Cars Limited,"Dec 13, 2022","Dec 15, 2022","Dec 23, 2022",506,552.00,29,"BSE, NSE",,LANDMARK,LANDMARK.NS
Latent View Analytics Limited,"Nov 10, 2021","Nov 12, 2021","Nov 23, 2021",197,600.00,76,"BSE, NSE",,LATENTVIEW,LATENTVIEW.NS
Likhitha Infrastructure Limited,"Sep 29, 2020","Oct 07, 2020","Oct 15, 2020",120,61.20,125,"BSE, NSE",,LIKHITHA,LIKHITHA.NS
Macrotech Developers Limited,"Apr 07, 2021","Apr 09, 2021","Apr 19, 2021",486,"2,500.00",30,"BSE, NSE",,LODHA,LODHA.NS
Laxmi Organic Industries Limited,"Mar 15, 2021","Mar 17, 2021","Mar 25, 2021",130,600.00,115,"BSE, NSE",,LXCHEM,LXCHEM.NS
Manba Finance Limited,"Sep 23, 2024","Sep 25, 2024","Sep 30, 2024",120,150.84,125,"BSE, NSE",,MANBA,MANBA.NS
Mankind Pharma Limited,"Apr 25, 2023","Apr 27, 2023","May 09, 2023","1,080","4,326.36",13,"BSE, NSE",,MANKIND,MANKIND.NS
Vedant Fashions Limited,"Feb 04, 2022","Feb 08, 2022","Feb 16, 2022",866,"3,149.19",17,"BSE, NSE",,MANYAVAR,MANYAVAR.NS
Mazagon Dock Shipbuilders Limited,"Sep 29, 2020","Oct 01, 2020","Oct 12, 2020",145,443.69,103,"BSE, NSE",,MAZDOCK,MAZDOCK.NS
Global Health Limited,"Nov 03, 2022","Nov 07, 2022","Nov 16, 2022",336,"2,205.57",44,"BSE, NSE",,MEDANTA,MEDANTA.NS
Medi Assist Healthcare Services Limited,"Jan 15, 2024","Jan 17, 2024","Jan 23, 2024",418,"1,171.58",35,"BSE, NSE",,MEDIASSIST,MEDIASSIST.NS
Medplus Health Services Limited,"Dec 13, 2021","Dec 15, 2021","Dec 23, 2021",796,"1,398.30",18,"BSE, NSE",,MEDPLUS,MEDPLUS.NS
Metro Brands Limited,"Dec 10, 2021","Dec 14, 2021","Dec 22, 2021",500,"1,367.51",30,"BSE, NSE",,METROBRAND,METROBRAND.NS
Metropolis Healthcare Limited,"Apr 03, 2019","Apr 05, 2019","Apr 15, 2019",880,"1,204.29",17,"BSE, NSE",,METROPOLIS,METROPOLIS.NS
One Mobikwik Systems Limited,"Dec 11, 2024","Dec 13, 2024","Dec 18, 2024",279,572.00,53,"BSE, NSE",,MOBIKWIK,MOBIKWIK.NS
Motisons Jewellers Limited,"Dec 18, 2023","Dec 20, 2023","Dec 26, 2023",55,151.09,250,"BSE, NSE",,MOTISONS,MOTISONS.NS
Credo Brands Marketing Limited,"Dec 19, 2023","Dec 21, 2023","Dec 27, 2023",280,549.78,53,"BSE, NSE",,MUFTI,MUFTI.NS
Mukka Proteins Limited,"Feb 29, 2024","Mar 04, 2024","Mar 07, 2024",28,224.00,535,"BSE, NSE",,MUKKA,MUKKA.NS
Muthoot Microfin Limited,"Dec 18, 2023","Dec 20, 2023","Dec 26, 2023",291,960.00,51,"BSE, NSE",,MUTHOOTMF,MUTHOOTMF.NS
Nazara Technologies Limited,"Mar 17, 2021","Mar 19, 2021","Mar 30, 2021","1,101",582.91,13,"BSE, NSE",,NAZARA,NAZARA.NS
Neogen Chemicals Limited,"Apr 24, 2019","Apr 26, 2019","May 08, 2019",215,132.35,65,"BSE, NSE",,NEOGEN,NEOGEN.NS
Netweb Technologies India Limited,"Jul 17, 2023","Jul 19, 2023","Jul 27, 2023",500,631.00,30,"BSE, NSE",,NETWEB,NETWEB.NS
Niva Bupa Health Insurance Company Limited,"Nov 07, 2024","Nov 11, 2024","Nov 14, 2024",74,"2,200.00",200,"BSE, NSE",,NIVABUPA,NIVABUPA.NS
Northern Arc Capital Limited,"Sep 16, 2024","Sep 19, 2024","Sep 24, 2024",263,777.00,57,"BSE, NSE",,NORTHARC,NORTHARC.NS
NTPC Green Energy Limited,"Nov 19, 2024","Nov 22, 2024","Nov 27, 2024",108,"10,000.00",138,"BSE, NSE",,NTPCGREEN,NTPCGREEN.NS
Nureca Limited,"Feb 15, 2021","Feb 17, 2021","Feb 25, 2021",400,100.00,35,"BSE, NSE",,NURECA,NURECA.NS
Nuvoco Vistas Corporation Limited,"Aug 09, 2021","Aug 11, 2021","Aug 23, 2021",570,"5,000.00",26,"BSE, NSE",,NUVOCO,NUVOCO.NS
FSN E-Commerce Ventures Limited,"Oct 28, 2021","Nov 01, 2021","Nov 10, 2021","1,125","5,351.92",12,"BSE, NSE",,NYKAA,NYKAA.NS
Ola Electric Mobility Limited,"Aug 02, 2024","Aug 06, 2024","Aug 09, 2024",76,"6,145.56",195,"BSE, NSE",,OLAELEC,OLAELEC.NS
Orient Technologies Limited,"Aug 21, 2024","Aug 23, 2024","Aug 28, 2024",206,214.76,72,"BSE, NSE",,ORIENTTECH,ORIENTTECH.NS
Paradeep Phosphates Limited,"May 17, 2022","May 19, 2022","May 27, 2022",42,"1,501.73",350,"BSE, NSE",,PARADEEP,PARADEEP.NS
Apeejay Surrendra Park Hotels Limited,"Feb 05, 2024","Feb 07, 2024","Feb 12, 2024",155,920.00,96,"BSE, NSE",,PARKHOTELS,PARKHOTELS.NS
One 97 Communications Limited,"Nov 08, 2021","Nov 10, 2021","Nov 18, 2021","2,150","18,300.00",6,"BSE, NSE",,PAYTM,PAYTM.NS
Platinum Industries Limited,"Feb 27, 2024","Feb 29, 2024","Mar 05, 2024",171,235.32,87,"BSE, NSE",,PLATIND,PLATIND.NS
Plaza Wires Limited,"Sep 29, 2023","Oct 05, 2023","Oct 12, 2023",54,71.28,277,"BSE, NSE",,PLAZACABLE,PLAZACABLE.NS
P N Gadgil Jewellers Limited,"Sep 10, 2024","Sep 12, 2024","Sep 17, 2024",480,"1,100.00",31,"BSE, NSE",,PNGJL,PNGJL.NS
PB Fintech Limited,"Nov 01, 2021","Nov 03, 2021","Nov 15, 2021",980,"5,625.00",15,"BSE, NSE",,POLICYBZR,POLICYBZR.NS
Polycab India Limited,"Apr 05, 2019","Apr 09, 2019","Apr 16, 2019",538,"1,346.00",27,"BSE, NSE",,POLYCAB,POLYCAB.NS
Premier Energies Limited,"Aug 27, 2024","Aug 29, 2024","Sep 03, 2024",450,"2,830.40",33,"BSE, NSE",,PREMIERENE,PREMIERENE.NS
Prudent Corporate Advisory Services Limited,"May 10, 2022","May 12, 2022","May 20, 2022",630,538.61,23,"BSE, NSE",,PRUDENT,PRUDENT.NS
Pyramid Technoplast Limited,"Aug 18, 2023","Aug 22, 2023","Aug 29, 2023",166,153.05,90,"BSE, NSE",,PYRAMID,PYRAMID.NS
Radiant Cash Management Services Limited,"Dec 23, 2022","Dec 27, 2022","Jan 04, 2023",94,256.64,150,"BSE, NSE",,RADIANTCMS,RADIANTCMS.NS
Rategain Travel Technologies Limited,"Dec 07, 2021","Dec 09, 2021","Dec 17, 2021",425,"1,335.74",35,"BSE, NSE",,RATEGAIN,RATEGAIN.NS
Ratnaveer Precision Engineering Limited,"Sep 04, 2023","Sep 06, 2023","Sep 11, 2023",98,165.03,150,"BSE, NSE",,RATNAVEER,RATNAVEER.NS
RBZ Jewellers Limited,"Dec 19, 2023","Dec 21, 2023","Dec 27, 2023",100,100.00,150,"BSE, NSE",,RBZJEWEL,RBZJEWEL.NS
Rishabh Instruments Limited,"Aug 30, 2023","Sep 01, 2023","Sep 11, 2023",441,490.78,34,"BSE, NSE",,RISHABH,RISHABH.NS
Rolex Rings Limited,"Jul 28, 2021","Jul 30, 2021","Aug 09, 2021",900,731.00,16,"BSE, NSE",,ROLEXRINGS,ROLEXRINGS.NS
Rossari Biotech Limited,"Jul 13, 2020","Jul 15, 2020","Jul 23, 2020",425,496.49,35,"BSE, NSE",,ROSSARI,ROSSARI.NS
Rashi Peripherals Limited,"Feb 07, 2024","Feb 09, 2024","Feb 14, 2024",311,600.00,48,"BSE, NSE",,RPTECH,RPTECH.NS
R R Kabel Limited,"Sep 13, 2023","Sep 15, 2023","Sep 20, 2023","1,035","1,964.01",14,"BSE, NSE",,RRKABEL,RRKABEL.NS
Keystone Realtors Limited,"Nov 14, 2022","Nov 16, 2022","Nov 24, 2022",541,635.00,27,"BSE, NSE",,RUSTOMJEE,RUSTOMJEE.NS
Rail Vikas Nigam Limited,"Mar 29, 2019","Apr 03, 2019","Apr 11, 2019",19,481.57,780,"BSE, NSE",,RVNL,RVNL.NS
Sagility India Limited,"Nov 05, 2024","Nov 07, 2024","Nov 12, 2024",30,"2,106.60",500,"BSE, NSE",,SAGILITY,SAGILITY.NS
Sah Polymers Limited,"Dec 30, 2022","Jan 04, 2023","Jan 12, 2023",65,66.30,230,"BSE, NSE",,SAH,SAH.NS
Sai Life Sciences Limited,"Dec 11, 2024","Dec 13, 2024","Dec 18, 2024",549,"3,042.62",27,"BSE, NSE",,SAILIFE,SAILIFE.NS
Sansera Engineering Limited,"Sep 14, 2021","Sep 16, 2021","Sep 24, 2021",744,"1,282.98",20,"BSE, NSE",,SANSERA,SANSERA.NS
Sanstar Limited,"Jul 19, 2024","Jul 23, 2024","Jul 26, 2024",95,510.15,150,"BSE, NSE",,SANSTAR,SANSTAR.NS
Sapphire Foods India Limited,"Nov 09, 2021","Nov 11, 2021","Nov 18, 2021","1,180","2,073.25",12,"BSE, NSE",,SAPPHIRE,SAPPHIRE.NS
SBFC Finance Limited,"Aug 03, 2023","Aug 07, 2023","Aug 16, 2023",57,"1,025.00",260,"BSE, NSE",,SBFC,SBFC.NS
SBI Cards and Payment Services Limited,"Mar 02, 2020","Mar 05, 2020","Mar 16, 2020",755,"10,354.77",19,"BSE, NSE",,SBICARD,SBICARD.NS
Senco Gold Limited,"Jul 04, 2023","Jul 06, 2023","Jul 14, 2023",317,405.00,47,"BSE, NSE",,SENCO,SENCO.NS
Shriram Properties Limited,"Dec 08, 2021","Dec 10, 2021","Dec 20, 2021",118,600.00,125,"BSE, NSE",,SHRIRAMPPS,SHRIRAMPPS.NS
Shyam Metalics and Energy Limited,"Jun 14, 2021","Jun 16, 2021","Jun 24, 2021",306,909.00,45,"BSE, NSE",,SHYAMMETL,SHYAMMETL.NS
Sigachi Industries Limited,"Nov 01, 2021","Nov 03, 2021","Nov 15, 2021",163,125.43,90,"BSE, NSE",,SIGACHI,SIGACHI.NS
Signatureglobal (India) Limited,"Sep 20, 2023","Sep 22, 2023","Sep 27, 2023",385,730.00,38,"BSE, NSE",,SIGNATURE,SIGNATURE.NS
S.J.S. Enterprises Limited,"Nov 01, 2021","Nov 03, 2021","Nov 15, 2021",542,800.00,27,"BSE, NSE",,SJS,SJS.NS
Sona BLW Precision Forgings Limited,"Jun 14, 2021","Jun 16, 2021","Jun 24, 2021",291,"5,550.00",51,"BSE, NSE",,SONACOMS,SONACOMS.NS
Spandana Sphoorty Financial Limited,"Aug 05, 2019","Aug 07, 2019","Aug 19, 2019",856,"1,202.34",17,"BSE, NSE",,SPANDANA,SPANDANA.NS
SRM Contractors Limited,"Mar 26, 2024","Mar 28, 2024","Apr 03, 2024",210,130.20,70,"BSE, NSE",,SRM,SRM.NS
Saraswati Saree Depot Limited,"Aug 12, 2024","Aug 14, 2024","Aug 20, 2024",160,160.01,90,"BSE, NSE",,SSDL,SSDL.NS
Stanley Lifestyles Limited,"Jun 21, 2024","Jun 25, 2024","Jun 28, 2024",369,537.02,40,"BSE, NSE",,STANLEY,STANLEY.NS
Star Health and Allied Insurance Company Limited,"Nov 30, 2021","Dec 02, 2021","Dec 10, 2021",900,"7,249.18",16,"BSE, NSE",,STARHEALTH,STARHEALTH.NS
Stove Kraft Limited,"Jan 25, 2021","Jan 28, 2021","Feb 05, 2021",385,412.63,38,"BSE, NSE",,STOVEKRAFT,STOVEKRAFT.NS
Baazar Style Retail Limited,"Aug 30, 2024","Sep 03, 2024","Sep 06, 2024",389,834.68,38,"BSE, NSE",,STYLEBAAZA,STYLEBAAZA.NS
Sula Vineyards Limited,"Dec 12, 2022","Dec 14, 2022","Dec 22, 2022",357,960.35,42,"BSE, NSE",,SULA,SULA.NS
Supriya Lifescience Limited,"Dec 16, 2021","Dec 20, 2021","Dec 28, 2021",274,700.00,54,"BSE, NSE",,SUPRIYA,SUPRIYA.NS
Suraj Estate Developers Limited,"Dec 18, 2023","Dec 20, 2023","Dec 26, 2023",360,400.00,41,"BSE, NSE",,SURAJEST,SURAJEST.NS
Suraksha Diagnostic Limited,"Nov 29, 2024","Dec 03, 2024","Dec 06, 2024",441,846.25,34,"BSE, NSE",,SURAKSHA,SURAKSHA.NS
Suryoday Small Finance Bank Limited,"Mar 17, 2021","Mar 19, 2021","Mar 26, 2021",305,582.34,49,"BSE, NSE",,SURYODAY,SURYODAY.NS
Swiggy Limited,"Nov 06, 2024","Nov 08, 2024","Nov 13, 2024",390,"11,327.43",38,"BSE, NSE",,SWIGGY,SWIGGY.NS
Syrma SGS Technology Limited,"Aug 12, 2022","Aug 18, 2022","Aug 26, 2022",220,840.00,68,"BSE, NSE",,SYRMA,SYRMA.NS
Tarsons Products Limited,"Nov 15, 2021","Nov 17, 2021","Nov 26, 2021",662,"1,023.47",22,"BSE, NSE",,TARSONS,TARSONS.NS
Tata Technologies Limited,"Nov 22, 2023","Nov 24, 2023","Nov 30, 2023",500,"3,042.51",30,"BSE, NSE",,TATATECH,TATATECH.NS
Tatva Chintan Pharma Chem Limited,"Jul 16, 2021","Jul 20, 2021","Jul 29, 2021","1,083",500.00,13,"BSE, NSE",,TATVA,TATVA.NS
TBO Tek Limited,"May 08, 2024","May 10, 2024","May 15, 2024",920,"1,550.81",16,"BSE, NSE",,TBOTEK,TBOTEK.NS
Tega Industries Limited,"Dec 01, 2021","Dec 03, 2021","Dec 13, 2021",453,619.23,33,"BSE, NSE",,TEGA,TEGA.NS
Tamilnad Mercantile Bank Limited,"Sep 05, 2022","Sep 07, 2022","Sep 15, 2022",510,807.84,28,"BSE, NSE",,TMB,TMB.NS
Tolins Tyres Limited,"Sep 09, 2024","Sep 11, 2024","Sep 16, 2024",226,230.00,66,"BSE, NSE",,TOLINS,TOLINS.NS
Tracxn Technologies Limited,"Oct 10, 2022","Oct 12, 2022","Oct 20, 2022",80,309.38,185,"BSE, NSE",,TRACXN,TRACXN.NS
TVS Supply Chain Solutions Limited,"Aug 10, 2023","Aug 14, 2023","Aug 23, 2023",197,880.00,76,"BSE, NSE",,TVSSCS,TVSSCS.NS
Updater Services Limited,"Sep 25, 2023","Sep 27, 2023","Oct 04, 2023",300,640.00,50,"BSE, NSE",,UDS,UDS.NS
Ujjivan Small Finance Bank Limited,"Dec 02, 2019","Dec 04, 2019","Dec 12, 2019",37,750.00,400,"BSE, NSE",,UJJIVANSFB,UJJIVANSFB.NS
Uma Exports Limited,"Mar 28, 2022","Mar 30, 2022","Apr 07, 2022",68,60.00,220,"BSE, NSE",,UMAEXPORTS,UMAEXPORTS.NS
Uniparts India Limited,"Nov 30, 2022","Dec 02, 2022","Dec 12, 2022",577,835.61,25,"BSE, NSE",,UNIPARTS,UNIPARTS.NS
Udayshivakumar Infra Limited,"Mar 20, 2023","Mar 23, 2023","Apr 03, 2023",35,66.00,428,"BSE, NSE",,USK,USK.NS
UTI Asset Management Company Limited,"Sep 29, 2020","Oct 01, 2020","Oct 12, 2020",554,"2,159.88",27,"BSE, NSE",,UTIAMC,UTIAMC.NS
Utkarsh Small Finance Bank Limited,"Jul 12, 2023","Jul 14, 2023","Jul 21, 2023",25,500.00,600,"BSE, NSE",,UTKARSHBNK,UTKARSHBNK.NS
Valiant Laboratories Limited,"Sep 27, 2023","Oct 03, 2023","Oct 06, 2023",140,152.46,105,"BSE, NSE",,VALIANTLAB,VALIANTLAB.NS
Venus Pipes & Tubes Limited,"May 11, 2022","May 13, 2022","May 24, 2022",326,165.42,46,"BSE, NSE",,VENUSPIPES,VENUSPIPES.NS
Veranda Learning Solutions Limited,"Mar 29, 2022","Mar 31, 2022","Apr 11, 2022",137,200.00,100,"BSE, NSE",,VERANDA,VERANDA.NS
Vijaya Diagnostic Centre Limited,"Sep 01, 2021","Sep 03, 2021","Sep 14, 2021",531,"1,895.04",28,"BSE, NSE",,VIJAYA,VIJAYA.NS
Vishwaraj Sugar Industries Limited,"Sep 30, 2019","Oct 04, 2019","Oct 15, 2019",60,60.00,240,"BSE, NSE",,VISHWARAJ,VISHWARAJ.NS
Vishal Mega Mart Limited,"Dec 11, 2024","Dec 13, 2024","Dec 18, 2024",78,"8,000.00",190,"BSE, NSE",,VMM,VMM.NS
Vishnu Prakash R Punglia Limited,"Aug 24, 2023","Aug 28, 2023","Sep 05, 2023",99,308.88,150,"BSE, NSE",,VPRPL,VPRPL.NS
Vraj Iron and Steel Limited,"Jun 26, 2024","Jun 28, 2024","Jul 03, 2024",207,171.00,72,"BSE, NSE",,VRAJ,VRAJ.NS
Vibhor Steel Tubes Limited,"Feb 13, 2024","Feb 15, 2024","Feb 20, 2024",151,72.17,99,"BSE, NSE",,VSTL,VSTL.NS
Waaree Energies Limited,"Oct 21, 2024","Oct 23, 2024","Oct 28, 2024","1,503","4,321.44",9,"BSE, NSE",,WAAREEENER,WAAREEENER.NS
Western Carriers (India) Limited,"Sep 13, 2024","Sep 19, 2024","Sep 24, 2024",172,492.88,87,"BSE, NSE",,WCIL,WCIL.NS
Windlas Biotech Limited,"Aug 04, 2021","Aug 06, 2021","Aug 16, 2021",460,401.54,30,"BSE, NSE",,WINDLAS,WINDLAS.NS
Yatra Online Limited,"Sep 15, 2023","Sep 20, 2023","Sep 28, 2023",142,775.00,105,"BSE, NSE",,YATRA,YATRA.NS
Zaggle Prepaid Ocean Services Limited,"Sep 14, 2023","Sep 18, 2023","Sep 22, 2023",164,563.38,90,"BSE, NSE",,ZAGGLE,ZAGGLE.NS
Zomato Limited,"Jul 14, 2021","Jul 16, 2021","Jul 23, 2021",76,"9,375.00",195,"BSE, NSE",,ZOMATO,ZOMATO.NS
Prince Pipes and Fittings Limited,"Dec 18, 2019","Dec 20, 2019","Dec 30, 2019",178,500.00,84,"BSE, NSE",,PRINCEPIPE,PRINCEPIPE.NS
IRCTC Limited,"Sep 30, 2019","Oct 03, 2019","Oct 14, 2019",320,645.12,40,"BSE, NSE",,IRCTC,IRCTC.NS
Sterling and Wilson Solar Limited,"Aug 06, 2019","Aug 08, 2019","Aug 20, 2019",780,"3,145.16",19,"BSE, NSE",,SWSOLAR,SWSOLAR.NS
IndiaMART InterMESH Limited,"Jun 24, 2019","Jun 26, 2019","Jul 04, 2019",973,475.59,15,"BSE, NSE",,INDIAMART,INDIAMART.NS
Embassy Office Parks,"Mar 18, 2019","Mar 20, 2019","Apr 01, 2019",300,"4,750.00",400,"BSE, NSE",,EMBASSY,EMBASSY.NS
MSTC Limited,"Mar 13, 2019","Mar 20, 2019","Mar 29, 2019",120,212.04,90,"BSE, NSE",,MSTCLTD,MSTCLTD.NS
Xelpmoc Design and Tech Limited,"Jan 23, 2019","Jan 25, 2019","Feb 04, 2019",66,23.00,200,"BSE, NSE",,XELPMOC,XELPMOC.NS
Route Mobile Limited,"Sep 09, 2020","Sep 11, 2020","Sep 21, 2020",350,600.00,40,"BSE, NSE",,ROUTE,ROUTE.NS
Mindspace Business Parks,"Jul 27, 2020","Jul 29, 2020","Aug 07, 2020",275,"4,500.00",200,"BSE, NSE",,MINDSPACE,MINDSPACE.NS
Yes Bank Limited FPO,"Jul 15, 2020","Jul 17, 2020","Jul 27, 2020",12,"15,000.00","1,000","BSE, NSE",,YESBANK,YESBANK.NS
ITI Limited FPO,"Jan 24, 2020","Feb 05, 2020","Feb 05, 2020",71.00 to 77.00,"1,399.86",150,"BSE, NSE",,ITI,ITI.NS
Paras Defence And Space Technologies Limited,"Sep 21, 2021","Sep 23, 2021","Oct 01, 2021",175,170.78,85,"BSE, NSE",,PARAS,PARAS.NS
CarTrade Tech Limited,"Aug 09, 2021","Aug 11, 2021","Aug 20, 2021","1,618","2,998.51",9,"BSE, NSE",,CARTRADE,CARTRADE.NS
POWERGRID Infrastructure Investment Trust InvIT,"Apr 29, 2021","May 03, 2021","May 14, 2021",100,"7,734.99","1,100","BSE, NSE",,PGINVIT,PGINVIT.NS
MTAR Technologies Limited,"Mar 03, 2021","Mar 05, 2021","Mar 15, 2021",575,596.41,26,"BSE, NSE",,MTARTECH,MTARTECH.NS
RailTel Corporation of India Limited,"Feb 16, 2021","Feb 18, 2021","Feb 26, 2021",94,819.24,155,"BSE, NSE",,RAILTEL,RAILTEL.NS
Brookfield India Real Estate Trust,"Feb 03, 2021","Feb 05, 2021","Feb 16, 2021",275,"3,800.00",200,"BSE, NSE",,BIRET,BIRET.NS
Home First Finance Company India Limited.,"Jan 21, 2021","Jan 25, 2021","Feb 03, 2021",518,"1,153.72",28,"BSE, NSE",,HOMEFIRST,HOMEFIRST.NS
KFin Technologies Limited,"Dec 19, 2022","Dec 21, 2022","Dec 29, 2022",366,"1,500.00",40,"BSE, NSE",,KFINTECH,KFINTECH.NS
Five Star Business Finance Limited,"Nov 09, 2022","Nov 11, 2022","Nov 21, 2022",474,"1,593.45",31,"BSE, NSE",,FIVESTAR,FIVESTAR.NS
Fusion Micro Finance Limited,"Nov 02, 2022","Nov 04, 2022","Nov 15, 2022",368,"1,103.99",40,"BSE, NSE",,FUSION,FUSION.NS
Life Insurance Corporation of India (LIC),"May 04, 2022","May 09, 2022","May 17, 2022",949,"21,008.48",15,"BSE, NSE",,LICI,LICI.NS
Rainbow Children's Medicare Limited,"Apr 27, 2022","Apr 29, 2022","May 10, 2022",542,"1,580.85",27,"BSE, NSE",,RAINBOW,RAINBOW.NS
SAMHI Hotels Limited,"Sep 14, 2023","Sep 18, 2023","Sep 22, 2023",126,"1,370.10",119,"BSE, NSE",,SAMHI,SAMHI.NS
Yatharth Hospital and Trauma Care Services Limited,"Jul 26, 2023","Jul 28, 2023","Aug 07, 2023",300,686.55,50,"BSE, NSE",,YATHARTH,YATHARTH.NS
ideaForge Technology Limited,"Jun 26, 2023","Jun 30, 2023","Jul 07, 2023",672,567.29,22,"BSE, NSE",,IDEAFORGE,IDEAFORGE.NS
Adani Enterprises Limited FPO,"Jan 27, 2023","Jan 31, 2023","Feb 08, 2023",3112.00 to 3276.00,"20,000.00",4,"BSE, NSE",,ADANIENT,ADANIENT.NS
ACME Solar Holdings Limited,"Nov 06, 2024","Nov 08, 2024","Nov 13, 2024",289,"2,900.00",51,"BSE, NSE",,ACMESOLAR,ACMESOLAR.NS
Vodafone Idea Limited FPO,"Apr 18, 2024","Apr 22, 2024","Apr 25, 2024",11,"18,000.00","1,298","BSE, NSE",,IDEA,IDEA.NS
JG Chemicals Limited,"Mar 05, 2024","Mar 07, 2024","Mar 13, 2024",221,251.19,67,"BSE, NSE",,JGCHEM,JGCHEM.NS
R K SWAMY Limited,"Mar 04, 2024","Mar 06, 2024","Mar 12, 2024",288,423.56,50,"BSE, NSE",,RKSWAMY,RKSWAMY.NS
Nova AgriTech Limited,"Jan 23, 2024","Jan 25, 2024","Jan 31, 2024",41,143.81,365,"BSE, NSE",,NOVAAGRI,NOVAAGRI.NS
